id,name,email
1,User 1,user1@example.com
2,User 2,user2@example.com
3,User 3,user3@example.com
4,User 4,user4@example.com
5,User 5,user5@example.com
6,User 6,user6@example.com
7,User 7,user7@example.com
8,User 8,user8@example.com
9,User 9,user9@example.com
10,User 10,user10@example.com
11,User 11,user11@example.com
12,User 12,user12@example.com
13,User 13,user13@example.com
14,User 14,user14@example.com
15,User 15,user15@example.com
16,User 16,user16@example.com
17,User 17,user17@example.com
18,User 18,user18@example.com
19,User 19,user19@example.com
20,User 20,user20@example.com
21,User 21,user21@example.com
22,User 22,user22@example.com
23,User 23,user23@example.com
24,User 24,user24@example.com
25,User 25,user25@example.com
26,User 26,user26@example.com
27,User 27,user27@example.com
28,User 28,user28@example.com
29,User 29,user29@example.com
30,User 30,user30@example.com
31,User 31,user31@example.com
32,User 32,user32@example.com
33,User 33,user33@example.com
34,User 34,user34@example.com
35,User 35,user35@example.com
36,User 36,user36@example.com
37,User 37,user37@example.com
38,User 38,user38@example.com
39,User 39,user39@example.com
40,User 40,user40@example.com
41,User 41,user41@example.com
42,User 42,user42@example.com
43,User 43,user43@example.com
44,User 44,user44@example.com
45,User 45,user45@example.com
46,User 46,user46@example.com
47,User 47,user47@example.com
48,User 48,user48@example.com
49,User 49,User49@example.com
50,User 50,User50@gmail.com
